Fase,Group,Date
Kick-off & Project Setup,Project Initiation & Analysis,2024-06-05
Process & Workflow Analysis,Project Initiation & Analysis,2024-06-10
Requirements Definition,Project Initiation & Analysis,2024-06-15
Risk & Cost Analysis,Project Initiation & Analysis,2024-06-20
System Architecture Design,"Design, Planning & Simulation",2024-06-30
Simulation & Digital Twin,"Design, Planning & Simulation",2024-07-10
Planning & Scheduling,"Design, Planning & Simulation",2024-07-05
Design Review,"Design, Planning & Simulation",2024-07-10
Prototype Build,Prototype Development & Testing,2024-07-25
Testing & Validation,Prototype Development & Testing,2024-08-05
Operator Training,Prototype Development & Testing,2024-08-10
Integration Preparation,Pilot Line Implementation,2024-08-14
System Integration,Pilot Line Implementation,2024-08-22
Commissioning & Validation,Pilot Line Implementation,2024-08-28
Performance Evaluation,Evaluation & Reporting,2024-08-31
ROI & Feasibility Analysis,Evaluation & Reporting,2024-08-31
Final Reporting & Closure,Evaluation & Reporting,2024-08-31
